{
  "dataset": "pytorch",
  "model": "roberta-base (multi-template prompt + PGD)",
  "n_folds": 5,
  "total_time_minutes": 361.2996271689733,
  "hyperparameters": {
    "max_seq_len": 512,
    "train_epochs": 20,
    "batch_size": 8,
    "learning_rate": 0.0001,
    "neg_ratio": 3,
    "adv_epsilon": 0.5,
    "adv_alpha": 0.2,
    "adv_warmup": 3,
    "patience": 7
  },
  "metrics_by_fold": {
    "known_k_f1": [
      7.786885245901639,
      19.798224374495565,
      15.948275862068966,
      17.996715927750408,
      22.640692640692638
    ],
    "abs_mm_f1": [
      14.370209315128749,
      28.710401771718452,
      10.885746179667171,
      17.375104909691725,
      27.69971423197369
    ],
    "rel_f1": [
      10.891116410780164,
      28.69225088269506,
      10.857675373634251,
      17.69911508603428,
      26.702511993063606
    ],
    "mrr": [
      12.415071280040227,
      33.72085929866223,
      26.49644713858909,
      29.873421102896085,
      38.52313131660209
    ],
    "ndcg_at_k": [
      7.467180890992885,
      20.939379796443877,
      16.650630694442846,
      18.41061314074451,
      24.041764465676554
    ],
    "p_at_k": [
      7.786885245901639,
      19.79822437449556,
      15.948275862068966,
      17.996715927750408,
      22.640692640692638
    ]
  },
  "metrics_mean_std": {
    "known_k_f1": {
      "mean": 16.834158810181844,
      "std": 5.029731730235851
    },
    "abs_mm_f1": {
      "mean": 19.808235281635955,
      "std": 7.164175735348863
    },
    "rel_f1": {
      "mean": 18.968533949241472,
      "std": 7.576373968577114
    },
    "mrr": {
      "mean": 28.20578602735794,
      "std": 8.853396697520374
    },
    "ndcg_at_k": {
      "mean": 17.501913797660134,
      "std": 5.600573206000345
    },
    "p_at_k": {
      "mean": 16.83415881018184,
      "std": 5.029731730235851
    }
  }
}