{
  "dataset": "beam",
  "model": "sentence-transformers/all-mpnet-base-v2",
  "n_folds": 5,
  "total_time_minutes": 0.4483331799507141,
  "metrics_by_fold": {
    "known_k_f1": [
      35.94547964113181,
      36.70837678136948,
      29.387755102040817,
      39.91522366522366,
      30.55252635405307
    ],
    "abs_mm_f1": [
      45.73056859533372,
      43.52200568386403,
      38.269215427444195,
      46.9752332591498,
      40.23740294614058
    ],
    "rel_f1": [
      46.29003443223394,
      44.82007022941628,
      39.2735347710248,
      46.924394872741274,
      41.2804498904853
    ],
    "mrr": [
      60.84033619412849,
      56.506669382254834,
      46.01480836114269,
      60.93306040686529,
      55.64671172538878
    ],
    "ndcg_at_k": [
      39.44125400199092,
      39.36674717263977,
      31.185795212583635,
      42.88463845271067,
      33.98342179595216
    ],
    "p_at_k": [
      35.94547964113181,
      36.70837678136948,
      29.387755102040817,
      39.91522366522366,
      30.55252635405307
    ]
  },
  "metrics_mean_std": {
    "known_k_f1": {
      "mean": 34.501872308763765,
      "std": 3.9499003860925765
    },
    "abs_mm_f1": {
      "mean": 42.94688518238647,
      "std": 3.271975962232427
    },
    "rel_f1": {
      "mean": 43.71769683918032,
      "std": 2.9599259868968493
    },
    "mrr": {
      "mean": 55.98831721395602,
      "std": 5.437809035726091
    },
    "ndcg_at_k": {
      "mean": 37.37237132717543,
      "std": 4.204797316047372
    },
    "p_at_k": {
      "mean": 34.501872308763765,
      "std": 3.9499003860925765
    }
  }
}