{
  "dataset": "pytorch",
  "model": "sentence-transformers/all-mpnet-base-v2",
  "n_folds": 5,
  "total_time_minutes": 0.14942500591278077,
  "metrics_by_fold": {
    "known_k_f1": [
      22.287275565964087,
      30.38337368845843,
      22.085385878489323,
      29.922003284072247,
      25.779220779220775
    ],
    "abs_mm_f1": [
      33.307439750039286,
      39.66658278733487,
      31.598805345881114,
      39.73892568761534,
      37.30389379016623
    ],
    "rel_f1": [
      33.95433888417645,
      39.81609336842577,
      31.48289211919608,
      39.30622055723755,
      38.42740416633701
    ],
    "mrr": [
      38.29974652930561,
      49.07415368841765,
      34.02636675702205,
      49.80969679950296,
      44.86959752219805
    ],
    "ndcg_at_k": [
      23.794932613111694,
      33.11432599325973,
      22.981924033476776,
      32.071316116486955,
      27.689323355513373
    ],
    "p_at_k": [
      22.287275565964087,
      30.38337368845843,
      22.085385878489323,
      29.922003284072247,
      25.779220779220775
    ]
  },
  "metrics_mean_std": {
    "known_k_f1": {
      "mean": 26.09145183924097,
      "std": 3.569636602406087
    },
    "abs_mm_f1": {
      "mean": 36.32312947220737,
      "std": 3.323307552845278
    },
    "rel_f1": {
      "mean": 36.597389819074564,
      "std": 3.2921292193453517
    },
    "mrr": {
      "mean": 43.215912259289254,
      "std": 6.150578739864799
    },
    "ndcg_at_k": {
      "mean": 27.930364422369706,
      "std": 4.139272830554617
    },
    "p_at_k": {
      "mean": 26.09145183924097,
      "std": 3.569636602406087
    }
  }
}