{
  "dataset": "beam",
  "model": "roberta-base (multi-template prompt + PGD)",
  "n_folds": 5,
  "total_time_minutes": 843.5828734119733,
  "hyperparameters": {
    "max_seq_len": 512,
    "train_epochs": 20,
    "batch_size": 8,
    "learning_rate": 0.0001,
    "neg_ratio": 3,
    "adv_epsilon": 0.5,
    "adv_alpha": 0.2,
    "adv_warmup": 3,
    "patience": 7
  },
  "metrics_by_fold": {
    "known_k_f1": [
      25.95065562456866,
      24.683698296836983,
      15.141424991049051,
      30.06132756132756,
      33.73137041075972
    ],
    "abs_mm_f1": [
      21.734341516413238,
      24.78255999555345,
      6.401819780163248,
      34.95781291666539,
      35.48632604730486
    ],
    "rel_f1": [
      21.690136920529262,
      24.785277128330904,
      6.340783598159688,
      34.90255484551786,
      35.61859895490884
    ],
    "mrr": [
      44.13800695140767,
      42.070521568329525,
      26.877012881139944,
      48.24726688908171,
      49.66101973899168
    ],
    "ndcg_at_k": [
      27.685278040059554,
      26.238630777033332,
      15.551983715799699,
      31.968014182094432,
      35.69293359554627
    ],
    "p_at_k": [
      25.95065562456866,
      24.683698296836983,
      15.141424991049051,
      30.06132756132756,
      33.73137041075972
    ]
  },
  "metrics_mean_std": {
    "known_k_f1": {
      "mean": 25.913695376908397,
      "std": 6.258992951187684
    },
    "abs_mm_f1": {
      "mean": 24.672572051220037,
      "std": 10.631924940686554
    },
    "rel_f1": {
      "mean": 24.667470289489312,
      "std": 10.671738494162858
    },
    "mrr": {
      "mean": 42.19876560579011,
      "std": 8.133914366496438
    },
    "ndcg_at_k": {
      "mean": 27.42736806210666,
      "std": 6.803549191954277
    },
    "p_at_k": {
      "mean": 25.913695376908397,
      "std": 6.258992951187684
    }
  }
}