{
  "dataset": "dubbo",
  "model": "sentence-transformers/all-mpnet-base-v2",
  "n_folds": 5,
  "total_time_minutes": 0.17259117364883422,
  "metrics_by_fold": {
    "known_k_f1": [
      32.447916666666664,
      30.997973657548123,
      35.36980749746707,
      31.56169994879672,
      34.404761904761905
    ],
    "abs_mm_f1": [
      43.10446029908436,
      41.297140104957656,
      47.63601439038967,
      44.1504593877993,
      44.24988919061212
    ],
    "rel_f1": [
      43.82289062372643,
      41.78558567623492,
      48.18244967688435,
      44.071198431556795,
      44.29373128129859
    ],
    "mrr": [
      48.98567148786814,
      46.64083965981223,
      55.045570428468,
      47.96426669496559,
      47.26530707324395
    ],
    "ndcg_at_k": [
      33.527225358638,
      32.37818631778483,
      37.547414117966916,
      33.276768053753685,
      35.24771061781779
    ],
    "p_at_k": [
      32.447916666666664,
      30.997973657548123,
      35.36980749746707,
      31.56169994879672,
      34.404761904761905
    ]
  },
  "metrics_mean_std": {
    "known_k_f1": {
      "mean": 32.956431935048094,
      "std": 1.671015572806563
    },
    "abs_mm_f1": {
      "mean": 44.087592674568626,
      "std": 2.06759589219153
    },
    "rel_f1": {
      "mean": 44.43117113794022,
      "std": 2.0779647908199084
    },
    "mrr": {
      "mean": 49.18033106887158,
      "std": 3.0342732632323886
    },
    "ndcg_at_k": {
      "mean": 34.39546089319225,
      "std": 1.829526826769738
    },
    "p_at_k": {
      "mean": 32.956431935048094,
      "std": 1.671015572806563
    }
  }
}