{
  "dataset": "iceberg",
  "model": "roberta-base (multi-template prompt + PGD)",
  "n_folds": 5,
  "total_time_minutes": 584.0641729950905,
  "hyperparameters": {
    "max_seq_len": 512,
    "train_epochs": 20,
    "batch_size": 8,
    "learning_rate": 0.0001,
    "neg_ratio": 3,
    "adv_epsilon": 0.5,
    "adv_alpha": 0.2,
    "adv_warmup": 3,
    "patience": 7
  },
  "metrics_by_fold": {
    "known_k_f1": [
      31.68737060041408,
      32.891462891462886,
      31.98776758409786,
      35.38139329805996,
      41.898148148148145
    ],
    "abs_mm_f1": [
      45.96039327392188,
      45.75036099191088,
      37.999539739501714,
      38.76981882683102,
      36.51624952707227
    ],
    "rel_f1": [
      45.95701401117229,
      45.38261170717509,
      37.94306482270702,
      38.42713208731338,
      36.52232279677075
    ],
    "mrr": [
      56.68365085788402,
      56.76657976402073,
      51.83234242597369,
      58.91105324628441,
      66.1450935346978
    ],
    "ndcg_at_k": [
      33.691525138071995,
      34.79955872764674,
      33.95277995512414,
      37.394966852199545,
      45.035186219959904
    ],
    "p_at_k": [
      31.687370600414077,
      32.891462891462886,
      31.98776758409786,
      35.38139329805996,
      41.898148148148145
    ]
  },
  "metrics_mean_std": {
    "known_k_f1": {
      "mean": 34.76922850443659,
      "std": 3.7935897962292264
    },
    "abs_mm_f1": {
      "mean": 40.999272471847554,
      "std": 4.0311764159465495
    },
    "rel_f1": {
      "mean": 40.84642908502771,
      "std": 3.9918779606551587
    },
    "mrr": {
      "mean": 58.067743965772124,
      "std": 4.65711758440702
    },
    "ndcg_at_k": {
      "mean": 36.97480337860047,
      "std": 4.237700786089046
    },
    "p_at_k": {
      "mean": 34.76922850443659,
      "std": 3.7935897962292273
    }
  }
}