{
  "dataset": "mxnet",
  "model": "roberta-base (multi-template prompt + PGD)",
  "n_folds": 5,
  "total_time_minutes": 481.3853574077288,
  "hyperparameters": {
    "max_seq_len": 512,
    "train_epochs": 20,
    "batch_size": 8,
    "learning_rate": 0.0001,
    "neg_ratio": 3,
    "adv_epsilon": 0.5,
    "adv_alpha": 0.2,
    "adv_warmup": 3,
    "patience": 7
  },
  "metrics_by_fold": {
    "known_k_f1": [
      21.241711874623263,
      29.801587301587304,
      12.597402597402597,
      17.89160401002506,
      23.268101761252446
    ],
    "abs_mm_f1": [
      31.473156285904246,
      39.23053326431788,
      12.94020017899068,
      30.679143321485952,
      7.212340674660662
    ],
    "rel_f1": [
      31.509298103038972,
      39.00623643789024,
      12.784666165822998,
      29.8205663348745,
      7.137611486859582
    ],
    "mrr": [
      41.15247014037751,
      46.92738288734169,
      23.98666287252241,
      37.165375057214675,
      37.50607309670699
    ],
    "ndcg_at_k": [
      22.5374152677119,
      31.14976589529524,
      13.188847809100357,
      19.39079662208242,
      25.020506377949857
    ],
    "p_at_k": [
      21.241711874623263,
      29.801587301587304,
      12.597402597402597,
      17.89160401002506,
      23.268101761252446
    ]
  },
  "metrics_mean_std": {
    "known_k_f1": {
      "mean": 20.960081508978135,
      "std": 5.708387698259375
    },
    "abs_mm_f1": {
      "mean": 24.307074745071883,
      "std": 12.1334361753556
    },
    "rel_f1": {
      "mean": 24.051675705697257,
      "std": 12.046295612977232
    },
    "mrr": {
      "mean": 37.34759281083265,
      "std": 7.547479546577717
    },
    "ndcg_at_k": {
      "mean": 22.257466394427954,
      "std": 5.95387924575477
    },
    "p_at_k": {
      "mean": 20.960081508978135,
      "std": 5.708387698259375
    }
  }
}