{
  "best_trial": 15,
  "best_ndcg1": 0.8867924528301887,
  "best_params": {
    "learning_rate": 0.039200221705352555,
    "num_leaves": 91,
    "min_data_in_leaf": 98,
    "max_depth": 5,
    "feature_fraction": 0.8211113451678518,
    "bagging_fraction": 0.8107542839654336,
    "lambda_l1": 0.1568672579478613,
    "lambda_l2": 0.072897534305381,
    "min_gain_to_split": 0.012526387791660593
  },
  "n_trials": 50
}