{
  "dataset": "iceberg",
  "model": "sentence-transformers/all-mpnet-base-v2",
  "n_folds": 5,
  "total_time_minutes": 0.19711694717407227,
  "metrics_by_fold": {
    "known_k_f1": [
      51.43892339544514,
      44.403689403689405,
      54.272608125819126,
      55.51807760141093,
      59.70899470899471
    ],
    "abs_mm_f1": [
      58.06272669778558,
      54.829321255289955,
      60.766599651138286,
      63.45727995832295,
      65.04551616175402
    ],
    "rel_f1": [
      59.208383328415046,
      55.569671195796715,
      61.620298024758,
      63.79885334824307,
      65.87299037482613
    ],
    "mrr": [
      80.32944257315877,
      68.26104169558367,
      79.83963127602495,
      81.90572292674645,
      82.62556148246307
    ],
    "ndcg_at_k": [
      56.20362501391537,
      47.55140986458369,
      58.52798838445017,
      59.905710403408925,
      63.24249453267289
    ],
    "p_at_k": [
      51.43892339544514,
      44.403689403689405,
      54.272608125819126,
      55.51807760141093,
      59.70899470899471
    ]
  },
  "metrics_mean_std": {
    "known_k_f1": {
      "mean": 53.068458647071864,
      "std": 5.084898019738117
    },
    "abs_mm_f1": {
      "mean": 60.432288744858155,
      "std": 3.6756569972640736
    },
    "rel_f1": {
      "mean": 61.214039254407794,
      "std": 3.5898100814712204
    },
    "mrr": {
      "mean": 78.59227999079539,
      "std": 5.264111842649421
    },
    "ndcg_at_k": {
      "mean": 57.086245639806215,
      "std": 5.284307268801924
    },
    "p_at_k": {
      "mean": 53.068458647071864,
      "std": 5.084898019738117
    }
  }
}