{
  "dataset": "datafusion",
  "model": "sentence-transformers/all-mpnet-base-v2",
  "n_folds": 5,
  "total_time_minutes": 0.7742879112561544,
  "metrics_by_fold": {
    "known_k_f1": [
      38.91428571428571,
      39.67664092664093,
      34.97425997425997,
      37.80855199222546,
      39.60426929392447
    ],
    "abs_mm_f1": [
      44.60555513467077,
      46.24966427513465,
      42.65805902812015,
      48.77011617505115,
      47.62355349053312
    ],
    "rel_f1": [
      45.60282861424542,
      47.06037635800879,
      43.140769570824325,
      49.28432385190057,
      48.49509922840974
    ],
    "mrr": [
      69.91814587088886,
      69.28491001742513,
      64.53892986577861,
      76.54289538048859,
      71.02416713823459
    ],
    "ndcg_at_k": [
      44.077237144168954,
      44.068144565772755,
      39.68782476652213,
      44.60096000334754,
      44.86995025295163
    ],
    "p_at_k": [
      38.91428571428571,
      39.67664092664093,
      34.97425997425997,
      37.80855199222546,
      39.60426929392447
    ]
  },
  "metrics_mean_std": {
    "known_k_f1": {
      "mean": 38.19560158026731,
      "std": 1.7447738124865328
    },
    "abs_mm_f1": {
      "mean": 45.98138962070197,
      "std": 2.167169399057905
    },
    "rel_f1": {
      "mean": 46.71667952467777,
      "std": 2.186389599120999
    },
    "mrr": {
      "mean": 70.26180965456317,
      "std": 3.8433583648539047
    },
    "ndcg_at_k": {
      "mean": 43.4608233465526,
      "std": 1.9115372637029124
    },
    "p_at_k": {
      "mean": 38.19560158026731,
      "std": 1.7447738124865328
    }
  }
}