{
  "dataset": "dubbo",
  "model": "roberta-base (multi-template prompt + PGD)",
  "n_folds": 5,
  "total_time_minutes": 425.9167010029157,
  "hyperparameters": {
    "max_seq_len": 512,
    "train_epochs": 20,
    "batch_size": 8,
    "learning_rate": 0.0001,
    "neg_ratio": 3,
    "adv_epsilon": 0.5,
    "adv_alpha": 0.2,
    "adv_warmup": 3,
    "patience": 7
  },
  "metrics_by_fold": {
    "known_k_f1": [
      30.43154761904762,
      36.342451874366766,
      15.509118541033432,
      3.120839733742959,
      32.28260869565217
    ],
    "abs_mm_f1": [
      28.186509905311592,
      29.549968237096273,
      16.447237400970156,
      11.29877570366153,
      32.40341466231807
    ],
    "rel_f1": [
      27.732326670619567,
      29.429296928079932,
      16.3090100427123,
      3.219199800676948,
      32.34407812731301
    ],
    "mrr": [
      47.09949741356069,
      51.16262639892835,
      28.072725788573695,
      8.435010750559167,
      45.018603846297616
    ],
    "ndcg_at_k": [
      31.695431393983984,
      37.6467353754949,
      16.438597605308438,
      2.866762817151645,
      33.3280025769906
    ],
    "p_at_k": [
      30.43154761904762,
      36.342451874366766,
      15.509118541033432,
      3.120839733742959,
      32.28260869565217
    ]
  },
  "metrics_mean_std": {
    "known_k_f1": {
      "mean": 23.537313292768587,
      "std": 12.403761818750436
    },
    "abs_mm_f1": {
      "mean": 23.577181181871524,
      "std": 8.202656074044514
    },
    "rel_f1": {
      "mean": 21.80678231388035,
      "std": 10.770080145086432
    },
    "mrr": {
      "mean": 35.957692839583906,
      "std": 15.85623320180045
    },
    "ndcg_at_k": {
      "mean": 24.395105953785908,
      "std": 12.92650501297259
    },
    "p_at_k": {
      "mean": 23.537313292768587,
      "std": 12.403761818750436
    }
  }
}