{
  "best_trial": 43,
  "best_ndcg1": 0.9333333333333333,
  "best_params": {
    "learning_rate": 0.08432173616131537,
    "num_leaves": 26,
    "min_data_in_leaf": 52,
    "max_depth": 10,
    "feature_fraction": 0.5721943999985956,
    "bagging_fraction": 0.875445164196641,
    "lambda_l1": 0.004169805877518913,
    "lambda_l2": 0.009710673074694377,
    "min_gain_to_split": 0.00041642216575295347
  },
  "n_trials": 50
}