{
  "dataset": "mxnet",
  "model": "sentence-transformers/all-mpnet-base-v2",
  "n_folds": 5,
  "total_time_minutes": 0.20517168442408243,
  "metrics_by_fold": {
    "known_k_f1": [
      38.143459915611814,
      32.38705738705739,
      26.67594310451453,
      29.276315789473685,
      25.89367253750815
    ],
    "abs_mm_f1": [
      46.465888265788216,
      39.128782186533286,
      34.35322521916746,
      38.801383586263164,
      33.719606460292844
    ],
    "rel_f1": [
      47.52749007331666,
      39.88105181122051,
      35.19250118623147,
      39.69937335938844,
      34.73707237214628
    ],
    "mrr": [
      56.7482847884886,
      50.13298578522701,
      41.23347691285788,
      48.405497764187444,
      42.05717841769938
    ],
    "ndcg_at_k": [
      40.23183082118785,
      34.8722322382122,
      27.65916865242542,
      31.236741108828777,
      26.868597647035042
    ],
    "p_at_k": [
      38.143459915611814,
      32.38705738705739,
      26.67594310451453,
      29.276315789473685,
      25.89367253750815
    ]
  },
  "metrics_mean_std": {
    "known_k_f1": {
      "mean": 30.475289746833113,
      "std": 4.456893064888646
    },
    "abs_mm_f1": {
      "mean": 38.493777143608995,
      "std": 4.560466748588507
    },
    "rel_f1": {
      "mean": 39.40749776046067,
      "std": 4.600495394925561
    },
    "mrr": {
      "mean": 47.715484733692065,
      "std": 5.691129271090516
    },
    "ndcg_at_k": {
      "mean": 32.17371409353786,
      "std": 4.931907233484175
    },
    "p_at_k": {
      "mean": 30.475289746833113,
      "std": 4.456893064888646
    }
  }
}